<?xml version="1.0" encoding="UTF-8"?>
<project-private xmlns="http://www.netbeans.org/ns/project-private/1">
    <editor-bookmarks xmlns="http://www.netbeans.org/ns/editor-bookmarks/2" lastBookmarkId="0"/>
    <open-files xmlns="http://www.netbeans.org/ns/projectui-open-files/2">
        <group>
            <file>file:/C:/wamp64/www/c/application/views/public/siderbar.php</file>
            <file>file:/C:/wamp64/www/c/application/views/public/user_notification.php</file>
            <file>file:/C:/wamp64/www/c/application/views/public/requestshow.php</file>
            <file>file:/C:/wamp64/www/c/application/views/public/dashboard.php</file>
            <file>file:/C:/wamp64/www/c/application/views/public/task_description.php</file>
            <file>file:/C:/wamp64/www/c/application/views/public/assign_task.php</file>
            <file>file:/C:/wamp64/www/c/application/views/public/completed_task.php</file>
            <file>file:/C:/wamp64/www/c/application/views/public/user_profile.php</file>
            <file>file:/C:/wamp64/www/c/application/views/public/request.php</file>
            <file>file:/C:/wamp64/www/c/application/views/public/user_taskdetails.php</file>
            <file>file:/C:/wamp64/www/c/application/views/public/assigned_task.php</file>
        </group>
    </open-files>
</project-private>
