<?xml version="1.0" encoding="UTF-8"?>
<project-private xmlns="http://www.netbeans.org/ns/project-private/1">
    <editor-bookmarks xmlns="http://www.netbeans.org/ns/editor-bookmarks/2" lastBookmarkId="0"/>
    <open-files xmlns="http://www.netbeans.org/ns/projectui-open-files/2">
        <group>
            <file>file:/C:/wamp64/www/ci/application/models/loginmodel.php</file>
            <file>file:/C:/wamp64/www/ci/application/views/admin/add_designation.php</file>
            <file>file:/C:/wamp64/www/ci/application/views/admin/dashboard.php</file>
            <file>file:/C:/wamp64/www/ci/application/controllers/login.php</file>
            <file>file:/C:/wamp64/www/ci/application/views/admin/designation.php</file>
            <file>file:/C:/wamp64/www/ci/application/views/public/admin_login.php</file>
            <file>file:/C:/wamp64/www/ci/application/views/admin/request.php</file>
        </group>
    </open-files>
</project-private>
